epoch,step,train/loss,train/reward,val/reward
0,19,,,-596.3250122070312
1,39,,,-6.71999979019165
2,49,-72.49391174316406,-9.068359375,
2,59,,,-6.710000038146973
