epoch,step,train/loss,train/reward,val/reward
0,19,,,-101.51200103759766
1,39,,,-6.764999866485596
2,49,-111.82589721679688,-10.34765625,
2,59,,,-6.703999996185303
