epoch,step,train/loss,train/reward,val/reward
0,19,,,-200.0469970703125
1,39,,,-6.735000133514404
2,49,-69.34208679199219,-9.017578125,
2,59,,,-6.541999816894531
