epoch,step,train/loss,train/reward,val/reward
0,19,,,-205.40199279785156
1,39,,,-6.421000003814697
2,49,-67.71727752685547,-9.126953125,
2,59,,,-6.565999984741211
