epoch,step,train/loss,train/reward,val/reward
0,19,,,-108.572998046875
1,39,,,-6.625999927520752
2,49,-100.4083251953125,-9.6171875,
2,59,,,-6.611000061035156
