epoch,step,val/reward
0,1,inf
1,3,6.460000038146973
2,5,6.849999904632568
