epoch,step,train/loss,train/reward,val/reward
0,19,,,-291.64898681640625
1,39,,,-6.5920000076293945
2,49,-92.55635070800781,-9.875,
2,59,,,-6.576000213623047
