epoch,step,train/loss,train/reward,val/reward
0,19,,,-6.781000137329102
1,39,,,-6.751999855041504
2,49,-14.231414794921875,-7.71484375,
2,59,,,-6.651000022888184
