epoch,step,train/loss,train/reward,val/reward
0,19,,,-181.06900024414062
1,39,,,-6.6020002365112305
2,49,-84.46134948730469,-8.984375,
2,59,,,-6.669000148773193
