epoch,step,train/loss,train/reward,val/reward
0,19,,,-397.44000244140625
1,39,,,-6.708000183105469
2,49,-53.02158737182617,-8.90625,
2,59,,,-6.6529998779296875
