epoch,step,val/reward
0,1,652.2799682617188
1,3,573.0299682617188
2,5,652.4500122070312
