epoch,step,val/reward
0,1,-175.50999450683594
1,3,-146.47999572753906
2,5,-195.57000732421875
