epoch,step,train/loss,train/reward,val/reward
0,19,,,-6.956999778747559
1,39,,,-6.738999843597412
2,49,-22.190086364746094,-7.60546875,
2,59,,,-6.751999855041504
