epoch,step,val/reward
0,0,-801.1500244140625
1,1,-900.9500122070312
2,2,-703.0
