epoch,step,train/loss,train/reward,val/reward
0,19,,,-605.4299926757812
1,39,,,-587.7249755859375
2,49,23222.0625,-376.673828125,
2,59,,,-592.8319702148438
