epoch,step,train/loss,train/reward,val/reward
0,19,,,-302.656005859375
1,39,,,-6.63700008392334
2,49,-85.25038146972656,-9.62890625,
2,59,,,-6.789000034332275
