epoch,step,train/loss,train/reward,val/reward
0,19,,,-6.534999847412109
1,39,,,-6.784999847412109
2,49,1.0404994487762451,-6.87109375,
2,59,,,-6.578000068664551
