epoch,step,val/reward
0,1,55.91999816894531
1,3,95.31999969482422
2,5,100.0
3,7,100.0
4,9,100.0
5,11,100.0
6,13,100.0
7,15,100.0
8,17,100.0
9,19,100.0
