epoch,step,train/loss,train/reward,val/reward
0,19,,,-829.14697265625
1,39,,,-9.276000022888184
2,49,-935.7791137695312,-20.5546875,
2,59,,,-9.305000305175781
