epoch,step,val/reward
0,1,6.699999809265137
1,3,6.839999198913574
2,5,6.940000057220459
