epoch,step,train/loss,train/reward,val/reward
0,19,,,-15.175999641418457
1,39,,,-6.671999931335449
2,49,-12.470603942871094,-7.705078125,
2,59,,,-6.656000137329102
