epoch,step,train/loss,train/reward,val/reward
0,49,305.0704345703125,1000.0,
0,99,38.3918342590332,1000.0,
0,149,4.321812629699707,1000.0,
0,195,,,1000.0
