epoch,step,val/reward
0,0,802.4000244140625
1,1,1000.0
2,2,800.6000366210938
