epoch,step,train/loss,train/reward,val/reward
0,19,,,-7.382999897003174
1,39,,,-6.39900016784668
2,49,-10.672385215759277,-7.30078125,
2,59,,,-6.754000186920166
