epoch,step,train/loss,train/reward,val/reward
0,19,,,-203.1510009765625
1,39,,,-6.714000225067139
2,49,-57.244102478027344,-8.77734375,
2,59,,,-6.640999794006348
