epoch,step,train/loss,train/reward,val/reward
0,19,,,-128.14700317382812
1,39,,,-6.6579999923706055
2,49,-62.57556915283203,-8.853515625,
2,59,,,-6.561999797821045
