epoch,step,val/reward
0,0,-700.9000244140625
1,1,-703.9000244140625
