epoch,step,train/loss,train/reward,val/reward
0,19,,,-286.1579895019531
1,39,,,-9.25
2,49,-864.7471923828125,-18.7265625,
2,59,,,-9.430999755859375
