epoch,step,train/loss,train/reward,val/reward
0,49,1.883670687675476,-8.0,
0,99,-0.6421049237251282,-8.619999885559082,
0,149,1.6466147899627686,-8.15333366394043,
0,199,2.210387945175171,-8.926667213439941,
0,249,0.48490744829177856,-9.24666690826416,
0,299,1.8192920684814453,-7.566667079925537,
0,333,,,-8.180399894714355
