epoch,step,train/loss,train/reward,val/reward
0,19,,,-504.572998046875
1,39,,,-6.7220001220703125
2,49,-150.2030792236328,-10.259765625,
2,59,,,-6.6570000648498535
