epoch,step,train/loss,train/reward,val/reward
0,33,,,-7.564450740814209
1,49,0.908866822719574,-7.573333740234375,
1,67,,,-12.633962631225586
2,99,0.9338699579238892,-6.833333492279053,
2,101,,,-13.734911918640137
