epoch,step,train/loss,train/reward,val/reward
0,19,,,-115.68199920654297
1,39,,,-6.4039998054504395
2,49,-96.7457275390625,-9.232421875,
2,59,,,-6.625999927520752
