epoch,step,train/loss,train/reward,val/reward
0,19,,,-23.059999465942383
1,39,,,-9.300000190734863
2,49,-132.39492797851562,-12.466796875,
2,59,,,-9.307000160217285
