epoch,step,train/loss,train/reward,val/reward
0,19,,,-791.8090209960938
1,39,,,-741.9769897460938
2,49,34506.85546875,-384.232421875,
2,59,,,-656.6489868164062
