epoch,step,val/reward
0,0,-752.0
1,1,-651.1500244140625
2,2,-651.2999877929688
