epoch,step,train/loss,train/reward,val/reward
0,19,,,-30.13599967956543
1,39,,,-6.701000213623047
2,49,-57.017215728759766,-8.798828125,
2,59,,,-6.702000141143799
