epoch,step,train/loss,train/reward,val/reward
0,19,,,-240.91700744628906
1,39,,,-6.6519999504089355
2,49,-75.73075866699219,-9.326171875,
2,59,,,-6.5879998207092285
