epoch,step,train/loss,train/reward,val/reward
0,19,,,-289.1629943847656
1,39,,,-6.48799991607666
2,49,-72.75751495361328,-8.837890625,
2,59,,,-6.6620001792907715
