epoch,step,train/loss,train/reward,val/reward
0,19,,,-6.552000045776367
1,39,,,-6.642000198364258
2,49,0.6594186425209045,-6.66796875,
2,59,,,-6.7789998054504395
