epoch,step,train/loss,train/reward,val/reward
0,19,,,-260.7829895019531
1,39,,,-6.631999969482422
2,49,-107.89412689208984,-9.552734375,
2,59,,,-6.64300012588501
