epoch,step,train/loss,train/reward,val/reward
0,33,,,-7.887974262237549
1,49,-1.0331273078918457,-9.186666488647461,
1,67,,,-10.802225112915039
