epoch,step,val/reward
0,1,-145.6999969482422
1,3,-125.89999389648438
2,5,-284.489990234375
