epoch,step,val/reward
0,0,-3.3600001335144043
1,1,-4.759999752044678
2,2,-6.240000247955322
