epoch,step,val/reward
0,0,inf
1,1,inf
2,2,inf
3,3,6.599999904632568
4,4,inf
5,5,inf
6,6,inf
7,7,8.199999809265137
8,8,inf
9,9,6.800000190734863
